,colorp,latitud,longitud,magnitud,profundidad,sizem,zfolder
0,#D10000,0.87787,-80.27231,7.5,10,13,"21192022202020_0.87787_80.27231_M7.5_10km
"
1,#D10000,0.87787,-80.27231,8.0,10,18,"21192022202020_0.87787_80.27231_M8.0_10km
"
2,#D10000,0.87787,-80.27231,8.5,10,23,"21192022202020_0.87787_80.27231_M8.5_10km
"
3,#D10000,0.87787,-80.27231,9.0,10,28,"21192022202020_0.87787_80.27231_M9_10km
"
4,#E6B900,0.9465,-79.88463,7.5,20,13,"21192022202020_0.94650_79.88463_M7.5_20km
"
5,#E6B900,0.9465,-79.88463,8.0,20,18,"21192022202020_0.94650_79.88463_M8.0_20km
"
6,#E6B900,0.9465,-79.88463,8.5,20,23,"21192022202020_0.94650_79.88463_M8.5_20km
"
7,#E6B900,0.9465,-79.88463,9.0,20,28,"21192022202020_0.94650_79.88463_M9_20km
"
8,#00C9B8,1.05448,-79.51777,7.5,30,13,"21192022202020_1.05448_79.51777_M7.5_30km
"
9,#00C9B8,1.05448,-79.51777,8.0,30,18,"21192022202020_1.05448_79.51777_M8.0_30km
"
10,#00C9B8,1.05448,-79.51777,8.5,30,23,"21192022202020_1.05448_79.51777_M8.5_30km
"
11,#00C9B8,1.05448,-79.51777,9.0,30,28,"21192022202020_1.05448_79.51777_M9_30km
"
12,#D10000,1.11464,-80.12531,7.5,10,13,"21192022202020_1.11464_80.12531_M7.5_10km
"
13,#D10000,1.11464,-80.12531,8.0,10,18,"21192022202020_1.11464_80.12531_M8.0_10km
"
14,#D10000,1.11464,-80.12531,8.5,10,23,"21192022202020_1.11464_80.12531_M8.5_10km
"
15,#D10000,1.11464,-80.12531,9.0,10,28,"21192022202020_1.11464_80.12531_M9_10km
"
16,#3C00C9,1.14034,-79.15611,7.5,40,13,"21192022202020_1.14034_79.15611_M7.5_40km
"
17,#3C00C9,1.14034,-79.15611,8.0,40,18,"21192022202020_1.14034_79.15611_M8.0_40km
"
18,#3C00C9,1.14034,-79.15611,8.5,40,23,"21192022202020_1.14034_79.15611_M8.5_40km
"
19,#3C00C9,1.14034,-79.15611,9.0,40,28,"21192022202020_1.14034_79.15611_M9_40km
"
20,#E6B900,1.21189,-79.73893,7.5,20,13,"21192022202020_1.21189_79.73893_M7.5_20km
"
21,#E6B900,1.21189,-79.73893,8.0,20,18,"21192022202020_1.21189_79.73893_M8.0_20km
"
22,#E6B900,1.21189,-79.73893,8.5,20,23,"21192022202020_1.21189_79.73893_M8.5_20km
"
23,#E6B900,1.21189,-79.73893,9.0,20,28,"21192022202020_1.21189_79.73893_M9_20km
"
24,#00C9B8,1.30426,-79.39288,7.5,30,13,"21192022202020_1.30426_79.39288_M7.5_30km
"
25,#00C9B8,1.30426,-79.39288,8.0,30,18,"21192022202020_1.30426_79.39288_M8.0_30km
"
26,#00C9B8,1.30426,-79.39288,8.5,30,23,"21192022202020_1.30426_79.39288_M8.5_30km
"
27,#00C9B8,1.30426,-79.39288,9.0,30,28,"21192022202020_1.30426_79.39288_M9_30km
"
28,#D10000,1.36442,-79.977,7.5,10,13,"21192022202020_1.36442_79.97700_M7.5_10km
"
29,#D10000,1.36442,-79.977,8.0,10,18,"21192022202020_1.36442_79.97700_M8.0_10km
"
30,#D10000,1.36442,-79.977,8.5,10,23,"21192022202020_1.36442_79.97700_M8.5_10km
"
31,#D10000,1.36442,-79.977,9.0,10,28,"21192022202020_1.36442_79.97700_M9_10km
"
32,#3C00C9,1.3706,-79.02602,7.5,40,13,"21192022202020_1.37060_79.02602_M7.5_40km
"
33,#3C00C9,1.3706,-79.02602,8.0,40,18,"21192022202020_1.37060_79.02602_M8.0_40km
"
34,#3C00C9,1.3706,-79.02602,8.5,40,23,"21192022202020_1.37060_79.02602_M8.5_40km
"
35,#3C00C9,1.3706,-79.02602,9.0,40,28,"21192022202020_1.37060_79.02602_M9_40km
"
36,#E6B900,1.43825,-79.60103,7.5,20,13,"21192022202020_1.43825_79.60103_M7.5_20km
"
37,#E6B900,1.43825,-79.60103,8.0,20,18,"21192022202020_1.43825_79.60103_M8.0_20km
"
38,#E6B900,1.43825,-79.60103,8.5,20,23,"21192022202020_1.43825_79.60103_M8.5_20km
"
39,#E6B900,1.43825,-79.60103,9.0,20,28,"21192022202020_1.43825_79.60103_M9_20km
"
40,#00C9B8,1.54103,-79.22896,7.5,30,13,"21192022202020_1.54103_79.22896_M7.5_30km
"
41,#00C9B8,1.54103,-79.22896,8.0,30,18,"21192022202020_1.54103_79.22896_M8.0_30km
"
42,#00C9B8,1.54103,-79.22896,8.5,30,23,"21192022202020_1.54103_79.22896_M8.5_30km
"
43,#00C9B8,1.54103,-79.22896,9.0,30,28,"21192022202020_1.54103_79.22896_M9_30km
"
44,#D10000,1.59079,-79.82219,7.5,10,13,"21192022202020_1.59079_79.82219_M7.5_10km
"
45,#D10000,1.59079,-79.82219,8.0,10,18,"21192022202020_1.59079_79.82219_M8.0_10km
"
46,#D10000,1.59079,-79.82219,8.5,10,23,"21192022202020_1.59079_79.82219_M8.5_10km
"
47,#D10000,1.59079,-79.82219,9.0,10,28,"21192022202020_1.59079_79.82219_M9_10km
"
48,#E6B900,1.67762,-79.45012,7.5,20,13,"21192022202020_1.67762_79.45012_M7.5_20km
"
49,#E6B900,1.67762,-79.45012,8.0,20,18,"21192022202020_1.67762_79.45012_M8.0_20km
"
50,#E6B900,1.67762,-79.45012,8.5,20,23,"21192022202020_1.67762_79.45012_M8.5_20km
"
51,#E6B900,1.67762,-79.45012,9.0,20,28,"21192022202020_1.67762_79.45012_M9_20km
"
52,#00C9B8,1.77519,-79.09366,7.5,30,13,"21192022202020_1.77519_79.09366_M7.5_30km
"
53,#00C9B8,1.77519,-79.09366,8.0,30,18,"21192022202020_1.77519_79.09366_M8.0_30km
"
54,#00C9B8,1.77519,-79.09366,8.5,30,23,"21192022202020_1.77519_79.09366_M8.5_30km
"
55,#00C9B8,1.77519,-79.09366,9.0,30,28,"21192022202020_1.77519_79.09366_M9_30km
"
56,#D10000,1.82235,-79.68169,7.5,10,13,"21192022202020_1.82235_79.68169_M7.5_10km
"
57,#D10000,1.82235,-79.68169,8.0,10,18,"21192022202020_1.82235_79.68169_M8.0_10km
"
58,#D10000,1.82235,-79.68169,8.5,10,23,"21192022202020_1.82235_79.68169_M8.5_10km
"
59,#D10000,1.82235,-79.68169,9.0,10,28,"21192022202020_1.82235_79.68169_M9_10km
"
60,#E6B900,1.91439,-79.30181,7.5,20,13,"21192022202020_1.91439_79.30181_M7.5_20km
"
61,#E6B900,1.91439,-79.30181,8.0,20,18,"21192022202020_1.91439_79.30181_M8.0_20km
"
62,#E6B900,1.91439,-79.30181,8.5,20,23,"21192022202020_1.91439_79.30181_M8.5_20km
"
63,#E6B900,1.91439,-79.30181,9.0,20,28,"21192022202020_1.91439_79.30181_M9_20km
"
64,#00C9B8,2.00156,-78.92454,7.5,30,13,"21192022202020_2.00156_78.92454_M7.5_30km
"
65,#00C9B8,2.00156,-78.92454,8.0,30,18,"21192022202020_2.00156_78.92454_M8.0_30km
"
66,#00C9B8,2.00156,-78.92454,8.5,30,23,"21192022202020_2.00156_78.92454_M8.5_30km
"
67,#00C9B8,2.00156,-78.92454,9.0,30,28,"21192022202020_2.00156_78.92454_M9_30km
"
68,#D10000,2.06433,-79.54769,7.5,10,13,"21192022202020_2.06433_79.54769_M7.5_10km
"
69,#D10000,2.06433,-79.54769,8.0,10,18,"21192022202020_2.06433_79.54769_M8.0_10km
"
70,#D10000,2.06433,-79.54769,8.5,10,23,"21192022202020_2.06433_79.54769_M8.5_10km
"
71,#D10000,2.06433,-79.54769,9.0,10,28,"21192022202020_2.06433_79.54769_M9_10km
"
72,#E6B900,2.15507,-79.1483,7.5,20,13,"21192022202020_2.15507_79.14830_M7.5_20km
"
73,#E6B900,2.15507,-79.1483,8.0,20,18,"21192022202020_2.15507_79.14830_M8.0_20km
"
74,#E6B900,2.15507,-79.1483,8.5,20,23,"21192022202020_2.15507_79.14830_M8.5_20km
"
75,#E6B900,2.15507,-79.1483,9.0,20,28,"21192022202020_2.15507_79.14830_M9_20km
"
76,#00C9B8,2.25134,-78.78404,7.5,30,13,"21192022202020_2.25134_78.78404_M7.5_30km
"
77,#00C9B8,2.25134,-78.78404,8.0,30,18,"21192022202020_2.25134_78.78404_M8.0_30km
"
78,#00C9B8,2.25134,-78.78404,8.5,30,23,"21192022202020_2.25134_78.78404_M8.5_30km
"
79,#00C9B8,2.25134,-78.78404,9.0,30,28,"21192022202020_2.25134_78.78404_M9_30km
"
80,#D10000,2.32191,-79.38768,7.5,10,13,"21192022202020_2.32191_79.38768_M7.5_10km
"
81,#D10000,2.32191,-79.38768,8.0,10,18,"21192022202020_2.32191_79.38768_M8.0_10km
"
82,#D10000,2.32191,-79.38768,8.5,10,23,"21192022202020_2.32191_79.38768_M8.5_10km
"
83,#D10000,2.32191,-79.38768,9.0,10,28,"21192022202020_2.32191_79.38768_M9_10km
"
84,#E6B900,2.41005,-78.99479,7.5,20,13,"21192022202020_2.41005_78.99479_M7.5_20km
"
85,#E6B900,2.41005,-78.99479,8.0,20,18,"21192022202020_2.41005_78.99479_M8.0_20km
"
86,#E6B900,2.41005,-78.99479,8.5,20,23,"21192022202020_2.41005_78.99479_M8.5_20km
"
87,#E6B900,2.41005,-78.99479,9.0,20,28,"21192022202020_2.41005_78.99479_M9_20km
"
88,#00C9B8,2.50112,-78.62533,7.5,30,13,"21192022202020_2.50112_78.62533_M7.5_30km
"
89,#00C9B8,2.50112,-78.62533,8.0,30,18,"21192022202020_2.50112_78.62533_M8.0_30km
"
90,#00C9B8,2.50112,-78.62533,8.5,30,23,"21192022202020_2.50112_78.62533_M8.5_30km
"
91,#00C9B8,2.50112,-78.62533,9.0,30,28,"21192022202020_2.50112_78.62533_M9_30km
"
92,#D10000,2.56129,-79.23547,7.5,10,13,"21192022202020_2.56129_79.23547_M7.5_10km
"
93,#D10000,2.56129,-79.23547,8.0,10,18,"21192022202020_2.56129_79.23547_M8.0_10km
"
94,#D10000,2.56129,-79.23547,8.5,10,23,"21192022202020_2.56129_79.23547_M8.5_10km
"
95,#D10000,2.56129,-79.23547,9.0,10,28,"21192022202020_2.56129_79.23547_M9_10km
"
96,#E6B900,2.63641,-78.83348,7.5,20,13,"21192022202020_2.63641_78.83348_M7.5_20km
"
97,#E6B900,2.63641,-78.83348,8.0,20,18,"21192022202020_2.63641_78.83348_M8.0_20km
"
98,#E6B900,2.63641,-78.83348,8.5,20,23,"21192022202020_2.63641_78.83348_M8.5_20km
"
99,#E6B900,2.63641,-78.83348,9.0,20,28,"21192022202020_2.63641_78.83348_M9_20km
"
100,#00C9B8,2.74569,-78.48743,7.5,30,13,"21192022202020_2.74569_78.48743_M7.5_30km
"
101,#00C9B8,2.74569,-78.48743,8.0,30,18,"21192022202020_2.74569_78.48743_M8.0_30km
"
102,#00C9B8,2.74569,-78.48743,8.5,30,23,"21192022202020_2.74569_78.48743_M8.5_30km
"
103,#00C9B8,2.74569,-78.48743,9.0,30,28,"21192022202020_2.74569_78.48743_M9_30km
"
104,#D10000,2.79806,-79.10277,7.5,10,13,"21192022202020_2.79806_79.10277_M7.5_10km
"
105,#D10000,2.79806,-79.10277,8.0,10,18,"21192022202020_2.79806_79.10277_M8.0_10km
"
106,#D10000,2.79806,-79.10277,8.5,10,23,"21192022202020_2.79806_79.10277_M8.5_10km
"
107,#D10000,2.79806,-79.10277,9.0,10,28,"21192022202020_2.79806_79.10277_M9_10km
"
108,#3C00C9,2.80684,-78.11926,7.5,40,13,"21192022202020_2.80684_78.11926_M7.5_40km
"
109,#3C00C9,2.80684,-78.11926,8.0,40,18,"21192022202020_2.80684_78.11926_M8.0_40km
"
110,#3C00C9,2.80684,-78.11926,8.5,40,23,"21192022202020_2.80684_78.11926_M8.5_40km
"
111,#3C00C9,2.80684,-78.11926,9.0,40,28,"21192022202020_2.80684_78.11926_M9_40km
"
112,#E6B900,2.86798,-78.70859,7.5,20,13,"21192022202020_2.86798_78.70859_M7.5_20km
"
113,#E6B900,2.86798,-78.70859,8.0,20,18,"21192022202020_2.86798_78.70859_M8.0_20km
"
114,#E6B900,2.86798,-78.70859,8.5,20,23,"21192022202020_2.86798_78.70859_M8.5_20km
"
115,#E6B900,2.86798,-78.70859,9.0,20,28,"21192022202020_2.86798_78.70859_M9_20km
"
116,#C800C9,2.87969,-77.7602,7.5,50,13,"21192022202020_2.87969_77.76020_M7.5_50km
"
117,#C800C9,2.87969,-77.7602,8.0,50,18,"21192022202020_2.87969_77.76020_M8.0_50km
"
118,#C800C9,2.87969,-77.7602,8.5,50,23,"21192022202020_2.87969_77.76020_M8.5_50km
"
119,#C800C9,2.87969,-77.7602,9.0,50,28,"21192022202020_2.87969_77.76020_M9_50km
"
120,#00C9B8,2.98246,-78.34172,7.5,30,13,"21192022202020_2.98246_78.34172_M7.5_30km
"
121,#00C9B8,2.98246,-78.34172,8.0,30,18,"21192022202020_2.98246_78.34172_M8.0_30km
"
122,#00C9B8,2.98246,-78.34172,8.5,30,23,"21192022202020_2.98246_78.34172_M8.5_30km
"
123,#00C9B8,2.98246,-78.34172,9.0,30,28,"21192022202020_2.98246_78.34172_M9_30km
"
124,#D10000,3.03222,-78.94926,7.5,10,13,"21192022202020_3.03222_78.94926_M7.5_10km
"
125,#D10000,3.03222,-78.94926,8.0,10,18,"21192022202020_3.03222_78.94926_M8.0_10km
"
126,#D10000,3.03222,-78.94926,8.5,10,23,"21192022202020_3.03222_78.94926_M8.5_10km
"
127,#D10000,3.03222,-78.94926,9.0,10,28,"21192022202020_3.03222_78.94926_M9_10km
"
128,#3C00C9,3.04621,-77.97226,7.5,40,13,"21192022202020_3.04621_77.97226_M7.5_40km
"
129,#3C00C9,3.04621,-77.97226,8.0,40,18,"21192022202020_3.04621_77.97226_M8.0_40km
"
130,#3C00C9,3.04621,-77.97226,8.5,40,23,"21192022202020_3.04621_77.97226_M8.5_40km
"
131,#3C00C9,3.04621,-77.97226,9.0,40,28,"21192022202020_3.04621_77.97226_M9_40km
"
132,#E6B900,3.10996,-78.56288,7.5,20,13,"21192022202020_3.10996_78.56288_M7.5_20km
"
133,#E6B900,3.10996,-78.56288,8.0,20,18,"21192022202020_3.10996_78.56288_M8.0_20km
"
134,#E6B900,3.10996,-78.56288,8.5,20,23,"21192022202020_3.10996_78.56288_M8.5_20km
"
135,#E6B900,3.10996,-78.56288,9.0,20,28,"21192022202020_3.10996_78.56288_M9_20km
"
136,#C800C9,3.11646,-77.6132,7.5,50,13,"21192022202020_3.11646_77.61320_M7.5_50km
"
137,#C800C9,3.11646,-77.6132,8.0,50,18,"21192022202020_3.11646_77.61320_M8.0_50km
"
138,#C800C9,3.11646,-77.6132,8.5,50,23,"21192022202020_3.11646_77.61320_M8.5_50km
"
139,#C800C9,3.11646,-77.6132,9.0,50,28,"21192022202020_3.11646_77.61320_M9_50km
"
140,#00C9B8,3.19582,-78.18561,7.5,30,13,"21192022202020_3.19582_78.18561_M7.5_30km
"
141,#00C9B8,3.19582,-78.18561,8.0,30,18,"21192022202020_3.19582_78.18561_M8.0_30km
"
142,#00C9B8,3.19582,-78.18561,8.5,30,23,"21192022202020_3.19582_78.18561_M8.5_30km
"
143,#00C9B8,3.19582,-78.18561,9.0,30,28,"21192022202020_3.19582_78.18561_M9_30km
"
144,#D10000,3.282,-78.81396,7.5,10,13,"21192022202020_3.28200_78.81396_M7.5_10km
"
145,#D10000,3.282,-78.81396,8.0,10,18,"21192022202020_3.28200_78.81396_M8.0_10km
"
146,#D10000,3.282,-78.81396,8.5,10,23,"21192022202020_3.28200_78.81396_M8.5_10km
"
147,#D10000,3.282,-78.81396,9.0,10,28,"21192022202020_3.28200_78.81396_M9_10km
"
148,#3C00C9,3.28428,-77.82135,7.5,40,13,"21192022202020_3.28428_77.82135_M7.5_40km
"
149,#3C00C9,3.28428,-77.82135,8.0,40,18,"21192022202020_3.28428_77.82135_M8.0_40km
"
150,#3C00C9,3.28428,-77.82135,8.5,40,23,"21192022202020_3.28428_77.82135_M8.5_40km
"
151,#3C00C9,3.28428,-77.82135,9.0,40,28,"21192022202020_3.28428_77.82135_M9_40km
"
152,#E6B900,3.33762,-78.41327,7.5,20,13,"21192022202020_3.33762_78.41327_M7.5_20km
"
153,#E6B900,3.33762,-78.41327,8.0,20,18,"21192022202020_3.33762_78.41327_M8.0_20km
"
154,#E6B900,3.33762,-78.41327,8.5,20,23,"21192022202020_3.33762_78.41327_M8.5_20km
"
155,#E6B900,3.33762,-78.41327,9.0,20,28,"21192022202020_3.33762_78.41327_M9_20km
"
156,#C800C9,3.34412,-77.45188,7.5,50,13,"21192022202020_3.34412_77.45188_M7.5_50km
"
157,#C800C9,3.34412,-77.45188,8.0,50,18,"21192022202020_3.34412_77.45188_M8.0_50km
"
158,#C800C9,3.34412,-77.45188,8.5,50,23,"21192022202020_3.34412_77.45188_M8.5_50km
"
159,#C800C9,3.34412,-77.45188,9.0,50,28,"21192022202020_3.34412_77.45188_M9_50km
"
160,#00C9B8,3.4508,-78.0373,7.5,30,13,"21192022202020_3.45080_78.03730_M7.5_30km
"
161,#00C9B8,3.4508,-78.0373,8.0,30,18,"21192022202020_3.45080_78.03730_M8.0_30km
"
162,#00C9B8,3.4508,-78.0373,8.5,30,23,"21192022202020_3.45080_78.03730_M8.5_30km
"
163,#00C9B8,3.4508,-78.0373,9.0,30,28,"21192022202020_3.45080_78.03730_M9_30km
"
164,#D10000,3.49536,-78.66826,7.5,10,13,"21192022202020_3.49536_78.66826_M7.5_10km
"
165,#D10000,3.49536,-78.66826,8.0,10,18,"21192022202020_3.49536_78.66826_M8.0_10km
"
166,#D10000,3.49536,-78.66826,8.5,10,23,"21192022202020_3.49536_78.66826_M8.5_10km
"
167,#D10000,3.49536,-78.66826,9.0,10,28,"21192022202020_3.49536_78.66826_M9_10km
"
168,#3C00C9,3.50804,-77.66784,7.5,40,13,"21192022202020_3.50804_77.66784_M7.5_40km
"
169,#3C00C9,3.50804,-77.66784,8.0,40,18,"21192022202020_3.50804_77.66784_M8.0_40km
"
170,#3C00C9,3.50804,-77.66784,8.5,40,23,"21192022202020_3.50804_77.66784_M8.5_40km
"
171,#3C00C9,3.50804,-77.66784,9.0,40,28,"21192022202020_3.50804_77.66784_M9_40km
"
172,#C800C9,3.59911,-77.29967,7.5,50,13,"21192022202020_3.59911_77.29967_M7.5_50km
"
173,#C800C9,3.59911,-77.29967,8.0,50,18,"21192022202020_3.59911_77.29967_M8.0_50km
"
174,#C800C9,3.59911,-77.29967,8.5,50,23,"21192022202020_3.59911_77.29967_M8.5_50km
"
175,#C800C9,3.59911,-77.29967,9.0,50,28,"21192022202020_3.59911_77.29967_M9_50km
"
176,#E6B900,3.61342,-78.28578,7.5,20,13,"21192022202020_3.61342_78.28578_M7.5_20km
"
177,#E6B900,3.61342,-78.28578,8.0,20,18,"21192022202020_3.61342_78.28578_M8.0_20km
"
178,#E6B900,3.61342,-78.28578,8.5,20,23,"21192022202020_3.61342_78.28578_M8.5_20km
"
179,#E6B900,3.61342,-78.28578,9.0,20,28,"21192022202020_3.61342_78.28578_M9_20km
"
180,#00C9B8,3.65895,-77.889,7.5,30,13,"21192022202020_3.65895_77.88900_M7.5_30km
"
181,#00C9B8,3.65895,-77.889,8.0,30,18,"21192022202020_3.65895_77.88900_M8.0_30km
"
182,#00C9B8,3.65895,-77.889,8.5,30,23,"21192022202020_3.65895_77.88900_M8.5_30km
"
183,#00C9B8,3.65895,-77.889,9.0,30,28,"21192022202020_3.65895_77.88900_M9_30km
"
184,#3C00C9,3.73701,-77.52473,7.5,40,13,"21192022202020_3.73701_77.52473_M7.5_40km
"
185,#3C00C9,3.73701,-77.52473,8.0,40,18,"21192022202020_3.73701_77.52473_M8.0_40km
"
186,#3C00C9,3.73701,-77.52473,8.5,40,23,"21192022202020_3.73701_77.52473_M8.5_40km
"
187,#3C00C9,3.73701,-77.52473,9.0,40,28,"21192022202020_3.73701_77.52473_M9_40km
"
188,#D10000,3.75294,-78.54337,7.5,10,13,"21192022202020_3.75294_78.54337_M7.5_10km
"
189,#D10000,3.75294,-78.54337,8.0,10,18,"21192022202020_3.75294_78.54337_M8.0_10km
"
190,#D10000,3.75294,-78.54337,8.5,10,23,"21192022202020_3.75294_78.54337_M8.5_10km
"
191,#D10000,3.75294,-78.54337,9.0,10,28,"21192022202020_3.75294_78.54337_M9_10km
"
192,#E6B900,3.85929,-78.14138,7.5,20,13,"21192022202020_3.85929_78.14138_M7.5_20km
"
193,#E6B900,3.85929,-78.14138,8.0,20,18,"21192022202020_3.85929_78.14138_M8.0_20km
"
194,#E6B900,3.85929,-78.14138,8.5,20,23,"21192022202020_3.85929_78.14138_M8.5_20km
"
195,#E6B900,3.85929,-78.14138,9.0,20,28,"21192022202020_3.85929_78.14138_M9_20km
"
196,#00C9B8,3.92694,-77.74589,7.5,30,13,"21192022202020_3.92694_77.74589_M7.5_30km
"
197,#00C9B8,3.92694,-77.74589,8.0,30,18,"21192022202020_3.92694_77.74589_M8.0_30km
"
198,#00C9B8,3.92694,-77.74589,8.5,30,23,"21192022202020_3.92694_77.74589_M8.5_30km
"
199,#00C9B8,3.92694,-77.74589,9.0,30,28,"21192022202020_3.92694_77.74589_M9_30km
"
200,#3C00C9,3.95296,-77.39334,7.5,40,13,"21192022202020_3.95296_77.39334_M7.5_40km
"
201,#3C00C9,3.95296,-77.39334,8.0,40,18,"21192022202020_3.95296_77.39334_M8.0_40km
"
202,#3C00C9,3.95296,-77.39334,8.5,40,23,"21192022202020_3.95296_77.39334_M8.5_40km
"
203,#3C00C9,3.95296,-77.39334,9.0,40,28,"21192022202020_3.95296_77.39334_M9_40km
"
204,#D10000,4.00012,-78.40287,7.5,10,13,"21192022202020_4.00012_78.40287_M7.5_10km
"
205,#D10000,4.00012,-78.40287,8.0,10,18,"21192022202020_4.00012_78.40287_M8.0_10km
"
206,#D10000,4.00012,-78.40287,8.5,10,23,"21192022202020_4.00012_78.40287_M8.5_10km
"
207,#D10000,4.00012,-78.40287,9.0,10,28,"21192022202020_4.00012_78.40287_M9_10km
"
208,#E6B900,4.10127,-78.0269,7.5,20,13,"21192022202020_4.10127_78.02690_M7.5_20km
"
209,#E6B900,4.10127,-78.0269,8.0,20,18,"21192022202020_4.10127_78.02690_M8.0_20km
"
210,#E6B900,4.10127,-78.0269,8.5,20,23,"21192022202020_4.10127_78.02690_M8.5_20km
"
211,#E6B900,4.10127,-78.0269,9.0,20,28,"21192022202020_4.10127_78.02690_M9_20km
"
212,#00C9B8,4.15591,-77.60019,7.5,30,13,"21192022202020_4.15591_77.60019_M7.5_30km
"
213,#00C9B8,4.15591,-77.60019,8.0,30,18,"21192022202020_4.15591_77.60019_M8.0_30km
"
214,#00C9B8,4.15591,-77.60019,8.5,30,23,"21192022202020_4.15591_77.60019_M8.5_30km
"
215,#00C9B8,4.15591,-77.60019,9.0,30,28,"21192022202020_4.15591_77.60019_M9_30km
"
216,#D10000,4.22909,-78.27798,7.5,10,13,"21192022202020_4.22909_78.27798_M7.5_10km
"
217,#D10000,4.22909,-78.27798,8.0,10,18,"21192022202020_4.22909_78.27798_M8.0_10km
"
218,#D10000,4.22909,-78.27798,8.5,10,23,"21192022202020_4.22909_78.27798_M8.5_10km
"
219,#D10000,4.22909,-78.27798,9.0,10,28,"21192022202020_4.22909_78.27798_M9_10km
"
220,#E6B900,4.35365,-77.88379,7.5,20,13,"21192022202020_4.35365_77.88379_M7.5_20km
"
221,#E6B900,4.35365,-77.88379,8.0,20,18,"21192022202020_4.35365_77.88379_M8.0_20km
"
222,#E6B900,4.35365,-77.88379,8.5,20,23,"21192022202020_4.35365_77.88379_M8.5_20km
"
223,#E6B900,4.35365,-77.88379,9.0,20,28,"21192022202020_4.35365_77.88379_M9_20km
"
224,#00C9B8,4.39268,-77.44668,7.5,30,13,"21192022202020_4.39268_77.44668_M7.5_30km
"
225,#00C9B8,4.39268,-77.44668,8.0,30,18,"21192022202020_4.39268_77.44668_M8.0_30km
"
226,#00C9B8,4.39268,-77.44668,8.5,30,23,"21192022202020_4.39268_77.44668_M8.5_30km
"
227,#00C9B8,4.39268,-77.44668,9.0,30,28,"21192022202020_4.39268_77.44668_M9_30km
"
228,#D10000,4.47106,-78.13748,7.5,10,13,"21192022202020_4.47106_78.13748_M7.5_10km
"
229,#D10000,4.47106,-78.13748,8.0,10,18,"21192022202020_4.47106_78.13748_M8.0_10km
"
230,#D10000,4.47106,-78.13748,8.5,10,23,"21192022202020_4.47106_78.13748_M8.5_10km
"
231,#D10000,4.47106,-78.13748,9.0,10,28,"21192022202020_4.47106_78.13748_M9_10km
"
232,#E6B900,4.60343,-77.7485,7.5,20,13,"21192022202020_4.60343_77.74850_M7.5_20km
"
233,#E6B900,4.60343,-77.7485,8.0,20,18,"21192022202020_4.60343_77.74850_M8.0_20km
"
234,#E6B900,4.60343,-77.7485,8.5,20,23,"21192022202020_4.60343_77.74850_M8.5_20km
"
235,#E6B900,4.60343,-77.7485,9.0,20,28,"21192022202020_4.60343_77.74850_M9_20km
"
236,#D10000,4.74165,-77.99697,7.5,10,13,"21192022202020_4.74165_77.99697_M7.5_10km
"
237,#D10000,4.74165,-77.99697,8.0,10,18,"21192022202020_4.74165_77.99697_M8.0_10km
"
238,#D10000,4.74165,-77.99697,8.5,10,23,"21192022202020_4.74165_77.99697_M8.5_10km
"
239,#D10000,4.74165,-77.99697,9.0,10,28,"21192022202020_4.74165_77.99697_M9_10km
"
240,#E6B900,4.8402,-77.6132,7.5,20,13,"21192022202020_4.84020_77.61320_M7.5_20km
"
241,#E6B900,4.8402,-77.6132,8.0,20,18,"21192022202020_4.84020_77.61320_M8.0_20km
"
242,#E6B900,4.8402,-77.6132,8.5,20,23,"21192022202020_4.84020_77.61320_M8.5_20km
"
243,#E6B900,4.8402,-77.6132,9.0,20,28,"21192022202020_4.84020_77.61320_M9_20km
"
244,#D10000,4.99404,-77.87729,7.5,10,13,"21192022202020_4.99404_77.87729_M7.5_10km
"
245,#D10000,4.99404,-77.87729,8.0,10,18,"21192022202020_4.99404_77.87729_M8.0_10km
"
246,#D10000,4.99404,-77.87729,8.5,10,23,"21192022202020_4.99404_77.87729_M8.5_10km
"
247,#D10000,4.99404,-77.87729,9.0,10,28,"21192022202020_4.99404_77.87729_M9_10km
"
248,#E6B900,5.09258,-77.48311,7.5,20,13,"21192022202020_5.09258_77.48311_M7.5_20km
"
249,#E6B900,5.09258,-77.48311,8.0,20,18,"21192022202020_5.09258_77.48311_M8.0_20km
"
250,#E6B900,5.09258,-77.48311,8.5,20,23,"21192022202020_5.09258_77.48311_M8.5_20km
"
251,#E6B900,5.09258,-77.48311,9.0,20,28,"21192022202020_5.09258_77.48311_M9_20km
"
252,#D10000,5.24382,-77.7602,7.5,10,13,"21192022202020_5.24382_77.76020_M7.5_10km
"
253,#D10000,5.24382,-77.7602,8.0,10,18,"21192022202020_5.24382_77.76020_M8.0_10km
"
254,#D10000,5.24382,-77.7602,8.5,10,23,"21192022202020_5.24382_77.76020_M8.5_10km
"
255,#D10000,5.24382,-77.7602,9.0,10,28,"21192022202020_5.24382_77.76020_M9_10km
"
256,#D10000,5.49936,-77.62626,7.5,10,13,"21192022202020_5.49936_77.62626_M7.5_10km
"
257,#D10000,5.49936,-77.62626,8.0,10,18,"21192022202020_5.49936_77.62626_M8.0_10km
"
258,#D10000,5.49936,-77.62626,8.5,10,23,"21192022202020_5.49936_77.62626_M8.5_10km
"
259,#D10000,5.49936,-77.62626,9.0,10,28,"21192022202020_5.49936_77.62626_M9_10km
"
260,#D10000,5.78419,-77.67532,7.5,10,13,"21192022202020_5.78419_77.67532_M7.5_10km
"
261,#D10000,5.78419,-77.67532,8.0,10,18,"21192022202020_5.78419_77.67532_M8.0_10km
"
262,#D10000,5.78419,-77.67532,8.5,10,23,"21192022202020_5.78419_77.67532_M8.5_10km
"
263,#D10000,5.78419,-77.67532,9.0,10,28,"21192022202020_5.78419_77.67532_M9_10km
"
264,#E6B900,5.91366,-77.4341,7.5,20,13,"21192022202020_5.91366_77.43410_M7.5_20km
"
265,#E6B900,5.91366,-77.4341,8.0,20,18,"21192022202020_5.91366_77.43410_M8.0_20km
"
266,#E6B900,5.91366,-77.4341,8.5,20,23,"21192022202020_5.91366_77.43410_M8.5_20km
"
267,#E6B900,5.91366,-77.4341,9.0,20,28,"21192022202020_5.91366_77.43410_M9_20km
"
268,#D10000,6.00224,-77.83613,7.5,10,13,"21192022202020_6.00224_77.83613_M7.5_10km
"
269,#D10000,6.00224,-77.83613,8.0,10,18,"21192022202020_6.00224_77.83613_M8.0_10km
"
270,#D10000,6.00224,-77.83613,8.5,10,23,"21192022202020_6.00224_77.83613_M8.5_10km
"
271,#D10000,6.00224,-77.83613,9.0,10,28,"21192022202020_6.00224_77.83613_M9_10km
"
272,#E6B900,6.13988,-77.60582,7.5,20,13,"21192022202020_6.13988_77.60582_M7.5_20km
"
273,#E6B900,6.13988,-77.60582,8.0,20,18,"21192022202020_6.13988_77.60582_M8.0_20km
"
274,#E6B900,6.13988,-77.60582,8.5,20,23,"21192022202020_6.13988_77.60582_M8.5_20km
"
275,#E6B900,6.13988,-77.60582,9.0,20,28,"21192022202020_6.13988_77.60582_M9_20km
"
276,#D10000,6.22165,-77.99967,7.5,10,13,"21192022202020_6.22165_77.99967_M7.5_10km
"
277,#D10000,6.22165,-77.99967,8.0,10,18,"21192022202020_6.22165_77.99967_M8.0_10km
"
278,#D10000,6.22165,-77.99967,8.5,10,23,"21192022202020_6.22165_77.99967_M8.5_10km
"
279,#D10000,6.22165,-77.99967,9.0,10,28,"21192022202020_6.22165_77.99967_M9_10km
"
280,#E6B900,6.35112,-77.77344,7.5,20,13,"21192022202020_6.35112_77.77344_M7.5_20km
"
281,#E6B900,6.35112,-77.77344,8.0,20,18,"21192022202020_6.35112_77.77344_M8.0_20km
"
282,#E6B900,6.35112,-77.77344,8.5,20,23,"21192022202020_6.35112_77.77344_M8.5_20km
"
283,#E6B900,6.35112,-77.77344,9.0,20,28,"21192022202020_6.35112_77.77344_M9_20km
"
284,#D10000,6.44788,-78.16184,7.5,10,13,"21192022202020_6.44788_78.16184_M7.5_10km
"
285,#D10000,6.44788,-78.16184,8.0,10,18,"21192022202020_6.44788_78.16184_M8.0_10km
"
286,#D10000,6.44788,-78.16184,8.5,10,23,"21192022202020_6.44788_78.16184_M8.5_10km
"
287,#D10000,6.44788,-78.16184,9.0,10,28,"21192022202020_6.44788_78.16184_M9_10km
"
288,#00C9B8,6.49898,-77.522,7.5,30,13,"21192022202020_6.49898_77.52200_M7.5_30km
"
289,#00C9B8,6.49898,-77.522,8.0,30,18,"21192022202020_6.49898_77.52200_M8.0_30km
"
290,#00C9B8,6.49898,-77.522,8.5,30,23,"21192022202020_6.49898_77.52200_M8.5_30km
"
291,#E6B900,6.57871,-77.94107,7.5,20,13,"21192022202020_6.57871_77.94107_M7.5_20km
"
292,#E6B900,6.57871,-77.94107,8.0,20,18,"21192022202020_6.57871_77.94107_M8.0_20km
"
293,#E6B900,6.57871,-77.94107,8.5,20,23,"21192022202020_6.57871_77.94107_M8.5_20km
"
294,#E6B900,6.57871,-77.94107,9.0,20,28,"21192022202020_6.57871_77.94107_M9_20km
"
295,#D10000,6.66456,-78.31039,7.5,10,13,"21192022202020_6.66456_78.31039_M7.5_10km
"
296,#D10000,6.66456,-78.31039,8.0,10,18,"21192022202020_6.66456_78.31039_M8.0_10km
"
297,#D10000,6.66456,-78.31039,8.5,10,23,"21192022202020_6.66456_78.31039_M8.5_10km
"
298,#D10000,6.66456,-78.31039,9.0,10,28,"21192022202020_6.66456_78.31039_M9_10km
"
299,#00C9B8,6.69795,-77.71552,7.5,30,13,"21192022202020_6.69795_77.71552_M7.5_30km
"
300,#00C9B8,6.69795,-77.71552,8.0,30,18,"21192022202020_6.69795_77.71552_M8.0_30km
"
301,#00C9B8,6.69795,-77.71552,8.5,30,23,"21192022202020_6.69795_77.71552_M8.5_30km
"
302,#E6B900,6.79676,-78.10188,7.5,20,13,"21192022202020_6.79676_78.10188_M7.5_20km
"
303,#E6B900,6.79676,-78.10188,8.0,20,18,"21192022202020_6.79676_78.10188_M8.0_20km
"
304,#E6B900,6.79676,-78.10188,8.5,20,23,"21192022202020_6.79676_78.10188_M8.5_20km
"
305,#E6B900,6.79676,-78.10188,9.0,20,28,"21192022202020_6.79676_78.10188_M9_20km
"
306,#D10000,6.91396,-78.48892,7.5,10,13,"21192022202020_6.91396_78.48892_M7.5_10km
"
307,#D10000,6.91396,-78.48892,8.0,10,18,"21192022202020_6.91396_78.48892_M8.0_10km
"
308,#D10000,6.91396,-78.48892,8.5,10,23,"21192022202020_6.91396_78.48892_M8.5_10km
"
309,#D10000,6.91396,-78.48892,9.0,10,28,"21192022202020_6.91396_78.48892_M9_10km
"
310,#00C9B8,6.91736,-77.87497,7.5,30,13,"21192022202020_6.91736_77.87497_M7.5_30km
"
311,#00C9B8,6.91736,-77.87497,8.0,30,18,"21192022202020_6.91736_77.87497_M8.0_30km
"
312,#00C9B8,6.91736,-77.87497,8.5,30,23,"21192022202020_6.91736_77.87497_M8.5_30km
"
313,#E6B900,7.02503,-78.27564,7.5,20,13,"21192022202020_7.02503_78.27564_M7.5_20km
"
314,#E6B900,7.02503,-78.27564,8.0,20,18,"21192022202020_7.02503_78.27564_M8.0_20km
"
315,#E6B900,7.02503,-78.27564,8.5,20,23,"21192022202020_7.02503_78.27564_M8.5_20km
"
316,#E6B900,7.02503,-78.27564,9.0,20,28,"21192022202020_7.02503_78.27564_M9_20km
"
317,#00C9B8,7.13678,-78.06849,7.5,30,13,"21192022202020_7.13678_78.06849_M7.5_30km
"
318,#00C9B8,7.13678,-78.06849,8.0,30,18,"21192022202020_7.13678_78.06849_M8.0_30km
"
319,#00C9B8,7.13678,-78.06849,8.5,30,23,"21192022202020_7.13678_78.06849_M8.5_30km
"
320,#D10000,7.147,-78.64973,7.5,10,13,"21192022202020_7.14700_78.64973_M7.5_10km
"
321,#D10000,7.147,-78.64973,8.0,10,18,"21192022202020_7.14700_78.64973_M8.0_10km
"
322,#D10000,7.147,-78.64973,8.5,10,23,"21192022202020_7.14700_78.64973_M8.5_10km
"
323,#D10000,7.147,-78.64973,9.0,10,28,"21192022202020_7.14700_78.64973_M9_10km
"
324,#E6B900,7.25262,-78.45008,7.5,20,13,"21192022202020_7.25262_78.45008_M7.5_20km
"
325,#E6B900,7.25262,-78.45008,8.0,20,18,"21192022202020_7.25262_78.45008_M8.0_20km
"
326,#E6B900,7.25262,-78.45008,8.5,20,23,"21192022202020_7.25262_78.45008_M8.5_20km
"
327,#E6B900,7.25262,-78.45008,9.0,20,28,"21192022202020_7.25262_78.45008_M9_20km
"
328,#00C9B8,7.35074,-78.24838,7.5,30,13,"21192022202020_7.35074_78.24838_M7.5_30km
"
329,#00C9B8,7.35074,-78.24838,8.0,30,18,"21192022202020_7.35074_78.24838_M8.0_30km
"
330,#00C9B8,7.35074,-78.24838,8.5,30,23,"21192022202020_7.35074_78.24838_M8.5_30km
"
331,#D10000,7.38276,-78.81599,7.5,10,13,"21192022202020_7.38276_78.81599_M7.5_10km
"
332,#D10000,7.38276,-78.81599,8.0,10,18,"21192022202020_7.38276_78.81599_M8.0_10km
"
333,#D10000,7.38276,-78.81599,8.5,10,23,"21192022202020_7.38276_78.81599_M8.5_10km
"
334,#D10000,7.38276,-78.81599,9.0,10,28,"21192022202020_7.38276_78.81599_M9_10km
"
335,#E6B900,7.48974,-78.61634,7.5,20,13,"21192022202020_7.48974_78.61634_M7.5_20km
"
336,#E6B900,7.48974,-78.61634,8.0,20,18,"21192022202020_7.48974_78.61634_M8.0_20km
"
337,#E6B900,7.48974,-78.61634,8.5,20,23,"21192022202020_7.48974_78.61634_M8.5_20km
"
338,#E6B900,7.48974,-78.61634,9.0,20,28,"21192022202020_7.48974_78.61634_M9_20km
"
339,#00C9B8,7.57015,-78.43918,7.5,30,13,"21192022202020_7.57015_78.43918_M7.5_30km
"
340,#00C9B8,7.57015,-78.43918,8.0,30,18,"21192022202020_7.57015_78.43918_M8.0_30km
"
341,#00C9B8,7.57015,-78.43918,8.5,30,23,"21192022202020_7.57015_78.43918_M8.5_30km
"
342,#D10000,0.9709738009738009,-79.9742751,8.4,10,23,"29062022202021_0.9709738009738009_79.9742751_M8.4_10km
"
343,#E25D00,0.9709738009738009,-79.9742751,8.4,15,23,"29062022202021_0.9709738009738009_79.9742751_M8.4_15km
"
344,#E6B900,0.9709738009738009,-79.9742751,8.4,20,23,"29062022202021_0.9709738009738009_79.9742751_M8.4_20km
"
345,#08C900,0.9709738009738009,-79.9742751,8.4,25,23,"29062022202021_0.9709738009738009_79.9742751_M8.4_25km
"
346,#00C9B8,0.9709738009738009,-79.9742751,8.4,30,23,"29062022202021_0.9709738009738009_79.9742751_M8.4_30km
"
347,#0087C9,0.9709738009738009,-79.9742751,8.4,35,23,"29062022202021_0.9709738009738009_79.9742751_M8.4_35km
"
348,#D10000,0.9709738009738009,-80.02,8.4,10,23,"29062022202021_0.9709738009738009_80.02_M8.4_10km
"
349,#E25D00,0.9709738009738009,-80.02,8.4,15,23,"29062022202021_0.9709738009738009_80.02_M8.4_15km
"
350,#E6B900,0.9709738009738009,-80.02,8.4,20,23,"29062022202021_0.9709738009738009_80.02_M8.4_20km
"
351,#08C900,0.9709738009738009,-80.02,8.4,25,23,"29062022202021_0.9709738009738009_80.02_M8.4_25km
"
352,#00C9B8,0.9709738009738009,-80.02,8.4,30,23,"29062022202021_0.9709738009738009_80.02_M8.4_30km
"
353,#0087C9,0.9709738009738009,-80.02,8.4,35,23,"29062022202021_0.9709738009738009_80.02_M8.4_35km
"
354,#D10000,0.9709738009738009,-80.0657248,8.4,10,23,"29062022202021_0.9709738009738009_80.0657248_M8.4_10km
"
355,#E25D00,0.9709738009738009,-80.0657248,8.4,15,23,"29062022202021_0.9709738009738009_80.0657248_M8.4_15km
"
356,#E6B900,0.9709738009738009,-80.0657248,8.4,20,23,"29062022202021_0.9709738009738009_80.0657248_M8.4_20km
"
357,#08C900,0.9709738009738009,-80.0657248,8.4,25,23,"29062022202021_0.9709738009738009_80.0657248_M8.4_25km
"
358,#00C9B8,0.9709738009738009,-80.0657248,8.4,30,23,"29062022202021_0.9709738009738009_80.0657248_M8.4_30km
"
359,#0087C9,0.9709738009738009,-80.0657248,8.4,35,23,"29062022202021_0.9709738009738009_80.0657248_M8.4_35km
"
360,#D10000,1.01,-79.9742751,8.4,10,23,"29062022202021_1.01_79.9742751_M8.4_10km
"
361,#E25D00,1.01,-79.9742751,8.4,15,23,"29062022202021_1.01_79.9742751_M8.4_15km
"
362,#E6B900,1.01,-79.9742751,8.4,20,23,"29062022202021_1.01_79.9742751_M8.4_20km
"
363,#08C900,1.01,-79.9742751,8.4,25,23,"29062022202021_1.01_79.9742751_M8.4_25km
"
364,#00C9B8,1.01,-79.9742751,8.4,30,23,"29062022202021_1.01_79.9742751_M8.4_30km
"
365,#0087C9,1.01,-79.9742751,8.4,35,23,"29062022202021_1.01_79.9742751_M8.4_35km
"
366,#D10000,1.01,-80.0657248,8.4,10,23,"29062022202021_1.01_80.0657248_M8.4_10km
"
367,#E25D00,1.01,-80.0657248,8.4,15,23,"29062022202021_1.01_80.0657248_M8.4_15km
"
368,#E6B900,1.01,-80.0657248,8.4,20,23,"29062022202021_1.01_80.0657248_M8.4_20km
"
369,#08C900,1.01,-80.0657248,8.4,25,23,"29062022202021_1.01_80.0657248_M8.4_25km
"
370,#00C9B8,1.01,-80.0657248,8.4,30,23,"29062022202021_1.01_80.0657248_M8.4_30km
"
371,#0087C9,1.01,-80.0657248,8.4,35,23,"29062022202021_1.01_80.0657248_M8.4_35km
"
372,#D10000,1.049026199026199,-79.9742751,8.4,10,23,"29062022202021_1.049026199026199_79.9742751_M8.4_10km
"
373,#E25D00,1.049026199026199,-79.9742751,8.4,15,23,"29062022202021_1.049026199026199_79.9742751_M8.4_15km
"
374,#E6B900,1.049026199026199,-79.9742751,8.4,20,23,"29062022202021_1.049026199026199_79.9742751_M8.4_20km
"
375,#08C900,1.049026199026199,-79.9742751,8.4,25,23,"29062022202021_1.049026199026199_79.9742751_M8.4_25km
"
376,#00C9B8,1.049026199026199,-79.9742751,8.4,30,23,"29062022202021_1.049026199026199_79.9742751_M8.4_30km
"
377,#0087C9,1.049026199026199,-79.9742751,8.4,35,23,"29062022202021_1.049026199026199_79.9742751_M8.4_35km
"
378,#D10000,1.049026199026199,-80.02,8.4,10,23,"29062022202021_1.049026199026199_80.02_M8.4_10km
"
379,#E25D00,1.049026199026199,-80.02,8.4,15,23,"29062022202021_1.049026199026199_80.02_M8.4_15km
"
380,#E6B900,1.049026199026199,-80.02,8.4,20,23,"29062022202021_1.049026199026199_80.02_M8.4_20km
"
381,#08C900,1.049026199026199,-80.02,8.4,25,23,"29062022202021_1.049026199026199_80.02_M8.4_25km
"
382,#00C9B8,1.049026199026199,-80.02,8.4,30,23,"29062022202021_1.049026199026199_80.02_M8.4_30km
"
383,#0087C9,1.049026199026199,-80.02,8.4,35,23,"29062022202021_1.049026199026199_80.02_M8.4_35km
"
384,#D10000,1.049026199026199,-80.0657248,8.4,10,23,"29062022202021_1.049026199026199_80.0657248_M8.4_10km
"
385,#E25D00,1.049026199026199,-80.0657248,8.4,15,23,"29062022202021_1.049026199026199_80.0657248_M8.4_15km
"
386,#E6B900,1.049026199026199,-80.0657248,8.4,20,23,"29062022202021_1.049026199026199_80.0657248_M8.4_20km
"
387,#08C900,1.049026199026199,-80.0657248,8.4,25,23,"29062022202021_1.049026199026199_80.0657248_M8.4_25km
"
388,#00C9B8,1.049026199026199,-80.0657248,8.4,30,23,"29062022202021_1.049026199026199_80.0657248_M8.4_30km
"
389,#0087C9,1.049026199026199,-80.0657248,8.4,35,23,"29062022202021_1.049026199026199_80.0657248_M8.4_35km
"
